"Model";"Time";"RSS";"Cos";"Dev";"Sil";"Set";"Iter"
"glmPCA";582.168;0.0375;0.0077;0.0216;-0.0244;"Full";1
"NBWaVE";274.979;0.0312;0.0065;0.0144;0.5561;"Full";1
"CMF";478.904;0.0333;0.0069;Inf;0.0352;"Full";1
"NMF";NA;NA;NA;NA;NA;"Full";1
"NNLM";189.653;0.0315;0.0066;Inf;0.0476;"Full";1
"AIRWLS";221.256;0.0313;0.0065;0.0126;0.5985;"Full";1
"Newton";105.059;0.0313;0.0065;0.0134;0.5761;"Full";1
"C-SGD";59.1;0.0308;0.0064;0.0124;0.536;"Full";1
"B-SGD";32.928;0.0308;0.0064;0.0126;0.4804;"Full";1
"glmPCA";582.168;0.0375;0.1461;0.0215;-0.0244;"Train";1
"NBWaVE";274.979;0.0302;0.1449;0.0141;0.5561;"Train";1
"CMF";478.904;0.0331;0.1453;0.0115;0.0352;"Train";1
"NMF";NA;NA;NA;NA;NA;"Train";1
"NNLM";189.653;0.0313;0.145;0.0109;0.0476;"Train";1
"AIRWLS";221.256;0.0311;0.145;0.0101;0.5985;"Train";1
"Newton";105.059;0.0311;0.145;0.0101;0.5761;"Train";1
"C-SGD";59.1;0.0301;0.1448;0.0116;0.536;"Train";1
"B-SGD";32.928;0.0292;0.1448;0.012;0.4804;"Train";1
"glmPCA";582.168;0.0375;0.4947;0.022;-0.0244;"Test";1
"NBWaVE";274.979;0.0341;0.4942;0.0153;0.5561;"Test";1
"CMF";478.904;0.034;0.4944;Inf;0.0352;"Test";1
"NMF";NA;NA;NA;NA;NA;"Test";1
"NNLM";189.653;0.032;0.4941;Inf;0.0476;"Test";1
"AIRWLS";221.256;0.0319;0.4941;0.0196;0.5985;"Test";1
"Newton";105.059;0.032;0.4941;0.0227;0.5761;"Test";1
"C-SGD";59.1;0.0329;0.4942;0.0146;0.536;"Test";1
"B-SGD";32.928;0.0352;0.4943;0.0143;0.4804;"Test";1
"glmPCA";597.675;0.0347;0.0088;0.0187;-0.0172;"Full";2
"NBWaVE";276.27;0.0295;0.0075;0.0121;0.4494;"Full";2
"CMF";480.84;0.0312;0.008;0.0132;0.1221;"Full";2
"NMF";NA;NA;NA;NA;NA;"Full";2
"NNLM";180.114;0.0301;0.0077;0.01;0.1074;"Full";2
"AIRWLS";221.117;0.0299;0.0076;0.0104;0.5081;"Full";2
"Newton";104.286;0.0299;0.0076;0.0113;0.5073;"Full";2
"C-SGD";59.877;0.0294;0.0075;0.0103;0.4705;"Full";2
"B-SGD";33.138;0.0293;0.0075;0.0104;0.4114;"Full";2
"glmPCA";597.675;0.0347;0.147;0.0185;-0.0172;"Train";2
"NBWaVE";276.27;0.0286;0.1457;0.0118;0.4494;"Train";2
"CMF";480.84;0.031;0.1463;0.0089;0.1221;"Train";2
"NMF";NA;NA;NA;NA;NA;"Train";2
"NNLM";180.114;0.0299;0.1459;0.0088;0.1074;"Train";2
"AIRWLS";221.117;0.0297;0.1459;0.0082;0.5081;"Train";2
"Newton";104.286;0.0297;0.146;0.0082;0.5073;"Train";2
"C-SGD";59.877;0.0287;0.1458;0.0095;0.4705;"Train";2
"B-SGD";33.138;0.0279;0.1457;0.0098;0.4114;"Train";2
"glmPCA";597.675;0.0347;0.4952;0.0192;-0.0172;"Test";2
"NBWaVE";276.27;0.0322;0.4948;0.0128;0.4494;"Test";2
"CMF";480.84;0.0318;0.4948;0.0254;0.1221;"Test";2
"NMF";NA;NA;NA;NA;NA;"Test";2
"NNLM";180.114;0.0305;0.4948;0.0133;0.1074;"Test";2
"AIRWLS";221.117;0.0305;0.4947;0.0168;0.5081;"Test";2
"Newton";104.286;0.0306;0.4947;0.0203;0.5073;"Test";2
"C-SGD";59.877;0.0314;0.4948;0.0123;0.4705;"Test";2
"B-SGD";33.138;0.0331;0.4949;0.0118;0.4114;"Test";2
"glmPCA";584.947;0.0379;0.0085;0.0195;-0.0227;"Full";3
"NBWaVE";270.679;0.0318;0.0072;0.013;0.5321;"Full";3
"CMF";474.646;0.034;0.0077;0.0155;0.1198;"Full";3
"NMF";563.21;0.034;0.0077;0.0134;0.1218;"Full";3
"NNLM";186.548;0.0322;0.0073;0.0109;0.075;"Full";3
"AIRWLS";222.148;0.032;0.0073;0.0115;0.52;"Full";3
"Newton";107.46;0.032;0.0073;0.0122;0.499;"Full";3
"C-SGD";58.909;0.0314;0.0071;0.0112;0.5041;"Full";3
"B-SGD";33.679;0.0313;0.0071;0.0114;0.473;"Full";3
"glmPCA";584.947;0.0379;0.1469;0.0194;-0.0227;"Train";3
"NBWaVE";270.679;0.0307;0.1456;0.0127;0.5321;"Train";3
"CMF";474.646;0.0337;0.146;0.0103;0.1198;"Train";3
"NMF";563.21;0.0338;0.1462;0.0114;0.1218;"Train";3
"NNLM";186.548;0.032;0.1457;0.0099;0.075;"Train";3
"AIRWLS";222.148;0.0318;0.1457;0.0091;0.52;"Train";3
"Newton";107.46;0.0318;0.1457;0.0091;0.499;"Train";3
"C-SGD";58.909;0.0306;0.1455;0.0106;0.5041;"Train";3
"B-SGD";33.679;0.0297;0.1454;0.0109;0.473;"Train";3
"glmPCA";584.947;0.0379;0.4949;0.0197;-0.0227;"Test";3
"NBWaVE";270.679;0.0346;0.4944;0.0137;0.5321;"Test";3
"CMF";474.646;0.0347;0.4946;0.0302;0.1198;"Test";3
"NMF";563.21;0.0345;0.4943;0.0191;0.1218;"Test";3
"NNLM";186.548;0.0327;0.4944;0.0138;0.075;"Test";3
"AIRWLS";222.148;0.0327;0.4943;0.0182;0.52;"Test";3
"Newton";107.46;0.0327;0.4943;0.0209;0.499;"Test";3
"C-SGD";58.909;0.0337;0.4944;0.0132;0.5041;"Test";3
"B-SGD";33.679;0.0359;0.4945;0.0128;0.473;"Test";3
"glmPCA";591.633;0.0369;0.0073;0.0207;-0.0184;"Full";4
"NBWaVE";216.942;0.0311;0.0062;0.0141;0.5407;"Full";4
"CMF";477.072;0.0331;0.0066;0.0161;0.0435;"Full";4
"NMF";NA;NA;NA;NA;NA;"Full";4
"NNLM";187.4;0.0317;0.0063;0.0119;0.0698;"Full";4
"AIRWLS";216.647;0.0315;0.0063;0.0125;0.567;"Full";4
"Newton";107.375;0.0315;0.0063;0.0134;0.5524;"Full";4
"C-SGD";59.639;0.031;0.0062;0.0122;0.532;"Full";4
"B-SGD";33.838;0.031;0.0062;0.0125;0.4699;"Full";4
"glmPCA";591.633;0.0368;0.1453;0.0205;-0.0184;"Train";4
"NBWaVE";216.942;0.03;0.1442;0.0138;0.5407;"Train";4
"CMF";477.072;0.0328;0.1446;0.0111;0.0435;"Train";4
"NMF";NA;NA;NA;NA;NA;"Train";4
"NNLM";187.4;0.0314;0.1444;0.0108;0.0698;"Train";4
"AIRWLS";216.647;0.0312;0.1444;0.01;0.567;"Train";4
"Newton";107.375;0.0312;0.1444;0.01;0.5524;"Train";4
"C-SGD";59.639;0.0302;0.1443;0.0114;0.532;"Train";4
"B-SGD";33.838;0.0291;0.1442;0.012;0.4699;"Train";4
"glmPCA";591.633;0.037;0.495;0.0212;-0.0184;"Test";4
"NBWaVE";216.942;0.0342;0.4947;0.015;0.5407;"Test";4
"CMF";477.072;0.0339;0.4948;0.0306;0.0435;"Test";4
"NMF";NA;NA;NA;NA;NA;"Test";4
"NNLM";187.4;0.0323;0.4946;0.0152;0.0698;"Test";4
"AIRWLS";216.647;0.0323;0.4946;0.0195;0.567;"Test";4
"Newton";107.375;0.0324;0.4945;0.0231;0.5524;"Test";4
"C-SGD";59.639;0.0336;0.4947;0.0146;0.532;"Test";4
"B-SGD";33.838;0.0362;0.4948;0.0141;0.4699;"Test";4
"glmPCA";612.839;0.0342;0.0077;0.0215;-0.0064;"Full";5
"NBWaVE";259.679;0.0284;0.0064;0.0129;0.5308;"Full";5
"CMF";471.472;0.0301;0.0068;0.0134;0.3177;"Full";5
"NMF";565.53;0.031;0.007;0.0137;0.124;"Full";5
"NNLM";206.935;0.0289;0.0065;0.0106;0.2493;"Full";5
"AIRWLS";220.808;0.0287;0.0065;0.0109;0.5654;"Full";5
"Newton";101.097;0.0287;0.0065;0.0118;0.5583;"Full";5
"C-SGD";59.383;0.0283;0.0064;0.0109;0.5399;"Full";5
"B-SGD";32.739;0.0283;0.0064;0.0111;0.4959;"Full";5
"glmPCA";612.839;0.0342;0.1458;0.0212;-0.0064;"Train";5
"NBWaVE";259.679;0.0275;0.1445;0.0125;0.5308;"Train";5
"CMF";471.472;0.0299;0.145;0.0095;0.3177;"Train";5
"NMF";565.53;0.0309;0.1453;0.0108;0.124;"Train";5
"NNLM";206.935;0.0287;0.1447;0.0093;0.2493;"Train";5
"AIRWLS";220.808;0.0285;0.1447;0.0086;0.5654;"Train";5
"Newton";101.097;0.0284;0.1447;0.0086;0.5583;"Train";5
"C-SGD";59.383;0.0276;0.1445;0.0101;0.5399;"Train";5
"B-SGD";32.739;0.0268;0.1445;0.0105;0.4959;"Train";5
"glmPCA";612.839;0.0342;0.495;0.0221;-0.0064;"Test";5
"NBWaVE";259.679;0.0311;0.4946;0.0138;0.5308;"Test";5
"CMF";471.472;0.0306;0.4946;0.0245;0.3177;"Test";5
"NMF";565.53;0.0314;0.4945;0.0218;0.124;"Test";5
"NNLM";206.935;0.0293;0.4946;0.0141;0.2493;"Test";5
"AIRWLS";220.808;0.0293;0.4945;0.0173;0.5654;"Test";5
"Newton";101.097;0.0294;0.4945;0.0207;0.5583;"Test";5
"C-SGD";59.383;0.0305;0.4946;0.0134;0.5399;"Test";5
"B-SGD";32.739;0.0327;0.4947;0.0128;0.4959;"Test";5
"glmPCA";586.71;0.0361;0.0083;0.0204;-0.0295;"Full";6
"NBWaVE";232.323;0.0306;0.0071;0.0132;0.5064;"Full";6
"CMF";470.677;0.0322;0.0075;0.0142;0.1726;"Full";6
"NMF";563.079;0.0329;0.0076;0.0137;0.0661;"Full";6
"NNLM";199.597;0.0313;0.0073;0.0108;0.1291;"Full";6
"AIRWLS";223.27;0.031;0.0072;0.0113;0.5432;"Full";6
"Newton";104.134;0.031;0.0072;0.0121;0.5285;"Full";6
"C-SGD";58.644;0.0305;0.0071;0.0112;0.5251;"Full";6
"B-SGD";32.938;0.0304;0.0071;0.0114;0.3833;"Full";6
"glmPCA";586.71;0.0361;0.1467;0.0202;-0.0295;"Train";6
"NBWaVE";232.323;0.0296;0.1454;0.0128;0.5064;"Train";6
"CMF";470.677;0.0319;0.1458;0.0098;0.1726;"Train";6
"NMF";563.079;0.0328;0.1462;0.0113;0.0661;"Train";6
"NNLM";199.597;0.0311;0.1457;0.0097;0.1291;"Train";6
"AIRWLS";223.27;0.0308;0.1456;0.0091;0.5432;"Train";6
"Newton";104.134;0.0308;0.1457;0.009;0.5285;"Train";6
"C-SGD";58.644;0.0297;0.1454;0.0104;0.5251;"Train";6
"B-SGD";32.938;0.0289;0.1454;0.0108;0.3833;"Train";6
"glmPCA";586.71;0.0362;0.4948;0.0209;-0.0295;"Test";6
"NBWaVE";232.323;0.0336;0.4944;0.0141;0.5064;"Test";6
"CMF";470.677;0.0329;0.4945;0.0267;0.1726;"Test";6
"NMF";563.079;0.0335;0.4942;0.0205;0.0661;"Test";6
"NNLM";199.597;0.0318;0.4944;0.014;0.1291;"Test";6
"AIRWLS";223.27;0.0318;0.4943;0.0178;0.5432;"Test";6
"Newton";104.134;0.0318;0.4943;0.0208;0.5285;"Test";6
"C-SGD";58.644;0.0328;0.4944;0.0136;0.5251;"Test";6
"B-SGD";32.938;0.0348;0.4945;0.0131;0.3833;"Test";6
"glmPCA";586.474;0.0368;0.0088;0.0222;-0.0266;"Full";7
"NBWaVE";214.947;0.0309;0.0074;0.0126;0.5309;"Full";7
"CMF";470.34;0.0326;0.0079;0.0145;0.216;"Full";7
"NMF";558.688;0.0336;0.008;0.0138;0.1267;"Full";7
"NNLM";197.113;0.0314;0.0076;0.0109;0.1877;"Full";7
"AIRWLS";223.19;0.0312;0.0075;0.0107;0.4911;"Full";7
"Newton";109.97;0.0311;0.0075;0.0116;0.4953;"Full";7
"C-SGD";58.684;0.0306;0.0074;0.0105;0.5137;"Full";7
"B-SGD";32.458;0.0303;0.0073;0.0107;0.4339;"Full";7
"glmPCA";586.474;0.0367;0.147;0.0219;-0.0266;"Train";7
"NBWaVE";214.947;0.0298;0.1457;0.0122;0.5309;"Train";7
"CMF";470.34;0.0324;0.1462;0.0091;0.216;"Train";7
"NMF";558.688;0.0334;0.1465;0.0105;0.1267;"Train";7
"NNLM";197.113;0.0312;0.1458;0.009;0.1877;"Train";7
"AIRWLS";223.19;0.0309;0.1458;0.0083;0.4911;"Train";7
"Newton";109.97;0.0309;0.1458;0.0083;0.4953;"Train";7
"C-SGD";58.684;0.0299;0.1457;0.0096;0.5137;"Train";7
"B-SGD";32.458;0.0289;0.1455;0.0101;0.4339;"Train";7
"glmPCA";586.474;0.0368;0.4951;0.0229;-0.0266;"Test";7
"NBWaVE";214.947;0.0338;0.4946;0.0138;0.5309;"Test";7
"CMF";470.34;0.0333;0.4947;0.0298;0.216;"Test";7
"NMF";558.688;0.0341;0.4945;0.0231;0.1267;"Test";7
"NNLM";197.113;0.032;0.4948;0.0163;0.1877;"Test";7
"AIRWLS";223.19;0.0319;0.4946;0.0174;0.4911;"Test";7
"Newton";109.97;0.0319;0.4946;0.0208;0.4953;"Test";7
"C-SGD";58.684;0.0327;0.4947;0.0131;0.5137;"Test";7
"B-SGD";32.458;0.0343;0.4948;0.0124;0.4339;"Test";7
"glmPCA";57.771;0.0369;0.009;0.0194;-0.0182;"Full";8
"NBWaVE";209.642;0.0314;0.0076;0.0128;0.4931;"Full";8
"CMF";475.339;0.0333;0.0082;0.0149;0.0586;"Full";8
"NMF";559.122;0.034;0.0083;0.0133;0.0402;"Full";8
"NNLM";196.702;0.0321;0.0079;0.0106;0.1132;"Full";8
"AIRWLS";222.263;0.0318;0.0078;0.0112;0.493;"Full";8
"Newton";105.181;0.0319;0.0078;0.0123;0.4995;"Full";8
"C-SGD";59.099;0.0313;0.0077;0.0109;0.5059;"Full";8
"B-SGD";33.342;0.031;0.0076;0.0111;0.3521;"Full";8
"glmPCA";57.771;0.0369;0.1472;0.0192;-0.0182;"Train";8
"NBWaVE";209.642;0.0304;0.1459;0.0125;0.4931;"Train";8
"CMF";475.339;0.0331;0.1463;0.0095;0.0586;"Train";8
"NMF";559.122;0.0338;0.1466;0.0109;0.0402;"Train";8
"NNLM";196.702;0.0319;0.1461;0.0093;0.1132;"Train";8
"AIRWLS";222.263;0.0316;0.1461;0.0087;0.493;"Train";8
"Newton";105.181;0.0316;0.1461;0.0086;0.4995;"Train";8
"C-SGD";59.099;0.0305;0.1459;0.0101;0.5059;"Train";8
"B-SGD";33.342;0.0296;0.1457;0.0106;0.3521;"Train";8
"glmPCA";57.771;0.0369;0.4952;0.0198;-0.0182;"Test";8
"NBWaVE";209.642;0.0342;0.4948;0.0135;0.4931;"Test";8
"CMF";475.339;0.034;0.4951;0.0302;0.0586;"Test";8
"NMF";559.122;0.0344;0.4947;0.0201;0.0402;"Test";8
"NNLM";196.702;0.0326;0.4949;0.0142;0.1132;"Test";8
"AIRWLS";222.263;0.0325;0.4948;0.0183;0.493;"Test";8
"Newton";105.181;0.0326;0.4947;0.0227;0.4995;"Test";8
"C-SGD";59.099;0.0333;0.4948;0.0133;0.5059;"Test";8
"B-SGD";33.342;0.0351;0.495;0.0127;0.3521;"Test";8
"glmPCA";593.156;0.0328;0.0086;0.0202;-0.0212;"Full";9
"NBWaVE";251.796;0.0281;0.0074;0.0131;0.5543;"Full";9
"CMF";460.749;0.0294;0.0077;0.0146;0.0581;"Full";9
"NMF";564.367;0.0303;0.0079;0.0139;0.035;"Full";9
"NNLM";205.466;0.0286;0.0075;0.0109;0.0258;"Full";9
"AIRWLS";221.824;0.0284;0.0075;0.0114;0.5987;"Full";9
"Newton";106.559;0.0284;0.0075;0.0121;0.5974;"Full";9
"C-SGD";58.474;0.028;0.0074;0.0112;0.5687;"Full";9
"B-SGD";33.643;0.0277;0.0073;0.0116;0.477;"Full";9
"glmPCA";593.156;0.0328;0.1465;0.0201;-0.0212;"Train";9
"NBWaVE";251.796;0.0272;0.1453;0.0127;0.5543;"Train";9
"CMF";460.749;0.0291;0.1457;0.0097;0.0581;"Train";9
"NMF";564.367;0.0301;0.146;0.0115;0.035;"Train";9
"NNLM";205.466;0.0284;0.1455;0.0096;0.0258;"Train";9
"AIRWLS";221.824;0.0282;0.1454;0.009;0.5987;"Train";9
"Newton";106.559;0.0282;0.1455;0.009;0.5974;"Train";9
"C-SGD";58.474;0.0273;0.1453;0.0103;0.5687;"Train";9
"B-SGD";33.643;0.0264;0.1452;0.0109;0.477;"Train";9
"glmPCA";593.156;0.0329;0.4955;0.0207;-0.0212;"Test";9
"NBWaVE";251.796;0.0308;0.4952;0.0143;0.5543;"Test";9
"CMF";460.749;0.0301;0.4953;0.0285;0.0581;"Test";9
"NMF";564.367;0.0308;0.4951;0.0207;0.035;"Test";9
"NNLM";205.466;0.0291;0.4952;0.0144;0.0258;"Test";9
"AIRWLS";221.824;0.0291;0.4952;0.0184;0.5987;"Test";9
"Newton";106.559;0.0292;0.4951;0.021;0.5974;"Test";9
"C-SGD";58.474;0.03;0.4952;0.0138;0.5687;"Test";9
"B-SGD";33.643;0.0316;0.4953;0.0135;0.477;"Test";9
"glmPCA";598.697;0.0368;0.008;0.0225;-0.0177;"Full";10
"NBWaVE";260.966;0.0309;0.0067;0.0136;0.5134;"Full";10
"CMF";476.558;0.0324;0.0071;0.0152;0.2306;"Full";10
"NMF";564.134;0.0333;0.0073;0.0145;0.1336;"Full";10
"NNLM";203.538;0.0315;0.0069;0.0112;0.0906;"Full";10
"AIRWLS";223.702;0.0312;0.0069;0.0117;0.568;"Full";10
"Newton";101.844;0.0312;0.0068;0.0124;0.5459;"Full";10
"C-SGD";59.259;0.0308;0.0068;0.0114;0.5125;"Full";10
"B-SGD";33.108;0.0307;0.0067;0.0117;0.4229;"Full";10
"glmPCA";598.697;0.0368;0.1463;0.0223;-0.0177;"Train";10
"NBWaVE";260.966;0.03;0.1451;0.0132;0.5134;"Train";10
"CMF";476.558;0.0322;0.1454;0.01;0.2306;"Train";10
"NMF";564.134;0.0332;0.1457;0.0116;0.1336;"Train";10
"NNLM";203.538;0.0314;0.1452;0.0099;0.0906;"Train";10
"AIRWLS";223.702;0.031;0.1452;0.0092;0.568;"Train";10
"Newton";101.844;0.0309;0.1452;0.0093;0.5459;"Train";10
"C-SGD";59.259;0.0301;0.1451;0.0105;0.5125;"Train";10
"B-SGD";33.108;0.0291;0.145;0.0111;0.4229;"Train";10
"glmPCA";598.697;0.0367;0.4948;0.023;-0.0177;"Test";10
"NBWaVE";260.966;0.0337;0.4944;0.0145;0.5134;"Test";10
"CMF";476.558;0.033;0.4945;0.0298;0.2306;"Test";10
"NMF";564.134;0.0337;0.4943;0.0226;0.1336;"Test";10
"NNLM";203.538;0.0319;0.4944;0.0147;0.0906;"Test";10
"AIRWLS";223.702;0.0318;0.4943;0.0186;0.568;"Test";10
"Newton";101.844;0.032;0.4943;0.0212;0.5459;"Test";10
"C-SGD";59.259;0.0327;0.4944;0.0138;0.5125;"Test";10
"B-SGD";33.108;0.0353;0.4945;0.0133;0.4229;"Test";10
"glmPCA";858.598;0.0375;0.0084;0.0185;-0.0189;"Full";11
"NBWaVE";266.714;0.0318;0.0071;0.0128;0.5241;"Full";11
"CMF";471.819;0.0338;0.0076;0.0149;0.0841;"Full";11
"NMF";NA;NA;NA;NA;NA;"Full";11
"NNLM";187.989;0.0323;0.0073;0.0107;0.1084;"Full";11
"AIRWLS";222.982;0.0321;0.0072;0.0112;0.5625;"Full";11
"Newton";108.298;0.0321;0.0072;0.0121;0.5575;"Full";11
"C-SGD";58.797;0.0316;0.0071;0.011;0.5553;"Full";11
"B-SGD";33.26;0.0314;0.0071;0.0112;0.5299;"Full";11
"glmPCA";858.598;0.0375;0.1463;0.0184;-0.0189;"Train";11
"NBWaVE";266.714;0.0308;0.145;0.0125;0.5241;"Train";11
"CMF";471.819;0.0336;0.1455;0.0098;0.0841;"Train";11
"NMF";NA;NA;NA;NA;NA;"Train";11
"NNLM";187.989;0.0321;0.1452;0.0095;0.1084;"Train";11
"AIRWLS";222.982;0.0318;0.1452;0.0088;0.5625;"Train";11
"Newton";108.298;0.0318;0.1452;0.0088;0.5575;"Train";11
"C-SGD";58.797;0.0309;0.1451;0.0101;0.5553;"Train";11
"B-SGD";33.26;0.0299;0.1449;0.0105;0.5299;"Train";11
"glmPCA";858.598;0.0376;0.4955;0.019;-0.0189;"Test";11
"NBWaVE";266.714;0.0349;0.4951;0.0137;0.5241;"Test";11
"CMF";471.819;0.0347;0.4952;0.0297;0.0841;"Test";11
"NMF";NA;NA;NA;NA;NA;"Test";11
"NNLM";187.989;0.033;0.4951;0.0142;0.1084;"Test";11
"AIRWLS";222.982;0.0329;0.4951;0.0181;0.5625;"Test";11
"Newton";108.298;0.033;0.495;0.0216;0.5575;"Test";11
"C-SGD";58.797;0.0337;0.4951;0.0136;0.5553;"Test";11
"B-SGD";33.26;0.0357;0.4952;0.013;0.5299;"Test";11
"glmPCA";605.717;0.0353;0.0091;0.0211;-0.0206;"Full";12
"NBWaVE";261.186;0.0297;0.0077;0.0131;0.546;"Full";12
"CMF";461.77;0.0312;0.0081;0.0153;0.1801;"Full";12
"NMF";565.372;0.0319;0.0082;0.0136;0.0418;"Full";12
"NNLM";182.902;0.0302;0.0078;0.0108;0.1346;"Full";12
"AIRWLS";219.42;0.0299;0.0078;0.0113;0.6083;"Full";12
"Newton";99.12;0.0299;0.0078;0.0122;0.5856;"Full";12
"C-SGD";59.557;0.0295;0.0077;0.011;0.5148;"Full";12
"B-SGD";33.911;0.0293;0.0076;0.0112;0.4739;"Full";12
"glmPCA";605.717;0.0353;0.147;0.0209;-0.0206;"Train";12
"NBWaVE";261.186;0.0288;0.1457;0.0127;0.546;"Train";12
"CMF";461.77;0.0309;0.146;0.0096;0.1801;"Train";12
"NMF";565.372;0.0317;0.1464;0.0112;0.0418;"Train";12
"NNLM";182.902;0.03;0.1458;0.0095;0.1346;"Train";12
"AIRWLS";219.42;0.0297;0.1458;0.0087;0.6083;"Train";12
"Newton";99.12;0.0297;0.1458;0.0087;0.5856;"Train";12
"C-SGD";59.557;0.0289;0.1457;0.0101;0.5148;"Train";12
"B-SGD";33.911;0.0281;0.1455;0.0107;0.4739;"Train";12
"glmPCA";605.717;0.0353;0.4957;0.0215;-0.0206;"Test";12
"NBWaVE";261.186;0.0324;0.4952;0.0141;0.546;"Test";12
"CMF";461.77;0.032;0.4954;0.0313;0.1801;"Test";12
"NMF";565.372;0.0325;0.495;0.0204;0.0418;"Test";12
"NNLM";182.902;0.0307;0.4952;0.0142;0.1346;"Test";12
"AIRWLS";219.42;0.0306;0.4951;0.0186;0.6083;"Test";12
"Newton";99.12;0.0307;0.4951;0.0222;0.5856;"Test";12
"C-SGD";59.557;0.0314;0.4952;0.0135;0.5148;"Test";12
"B-SGD";33.911;0.033;0.4953;0.0128;0.4739;"Test";12
"glmPCA";606.535;0.0403;0.008;0.025;-0.0122;"Full";13
"NBWaVE";229.756;0.0332;0.0066;0.0142;0.5457;"Full";13
"CMF";477.992;0.0347;0.007;0.0147;0.2668;"Full";13
"NMF";565.18;0.0359;0.0072;0.0152;0.2078;"Full";13
"NNLM";179.024;0.0336;0.0068;0.0117;0.1166;"Full";13
"AIRWLS";218.552;0.0334;0.0067;0.0121;0.5791;"Full";13
"Newton";105.322;0.0334;0.0067;0.0127;0.5768;"Full";13
"C-SGD";59.895;0.0329;0.0066;0.0119;0.579;"Full";13
"B-SGD";33.495;0.0328;0.0066;0.0123;0.5287;"Full";13
"glmPCA";606.535;0.0403;0.1462;0.0248;-0.0122;"Train";13
"NBWaVE";229.756;0.0321;0.1449;0.0138;0.5457;"Train";13
"CMF";477.992;0.0345;0.1452;0.0106;0.2668;"Train";13
"NMF";565.18;0.0357;0.1456;0.0124;0.2078;"Train";13
"NNLM";179.024;0.0335;0.145;0.0105;0.1166;"Train";13
"AIRWLS";218.552;0.0332;0.145;0.0097;0.5791;"Train";13
"Newton";105.322;0.0332;0.145;0.0097;0.5768;"Train";13
"C-SGD";59.895;0.0321;0.1448;0.0111;0.579;"Train";13
"B-SGD";33.495;0.031;0.1447;0.0117;0.5287;"Train";13
"glmPCA";606.535;0.0403;0.495;0.0255;-0.0122;"Test";13
"NBWaVE";229.756;0.0363;0.4945;0.0151;0.5457;"Test";13
"CMF";477.992;0.0354;0.4946;0.0261;0.2668;"Test";13
"NMF";565.18;0.0364;0.4943;0.0232;0.2078;"Test";13
"NNLM";179.024;0.0342;0.4946;0.015;0.1166;"Test";13
"AIRWLS";218.552;0.0341;0.4945;0.0187;0.5791;"Test";13
"Newton";105.322;0.0342;0.4945;0.0211;0.5768;"Test";13
"C-SGD";59.895;0.0352;0.4946;0.0141;0.579;"Test";13
"B-SGD";33.495;0.0378;0.4947;0.0138;0.5287;"Test";13
"glmPCA";613.124;0.0383;0.0077;0.0202;-0.0177;"Full";14
"NBWaVE";232.554;0.0322;0.0065;0.0132;0.4851;"Full";14
"CMF";475.18;0.0339;0.0069;0.0143;0.1143;"Full";14
"NMF";561.546;0.035;0.007;0.0139;0.0314;"Full";14
"NNLM";194.835;0.0327;0.0066;0.011;0.0394;"Full";14
"AIRWLS";219.928;0.0325;0.0066;0.0113;0.4873;"Full";14
"Newton";102.43;0.0325;0.0066;0.0123;0.4698;"Full";14
"C-SGD";59.285;0.0319;0.0065;0.0114;0.4815;"Full";14
"B-SGD";34.314;0.0317;0.0064;0.0117;0.3876;"Full";14
"glmPCA";613.124;0.0383;0.1458;0.02;-0.0177;"Train";14
"NBWaVE";232.554;0.0311;0.1446;0.013;0.4851;"Train";14
"CMF";475.18;0.0337;0.1451;0.01;0.1143;"Train";14
"NMF";561.546;0.0348;0.1453;0.0114;0.0314;"Train";14
"NNLM";194.835;0.0325;0.1448;0.0099;0.0394;"Train";14
"AIRWLS";219.928;0.0322;0.1448;0.0092;0.4873;"Train";14
"Newton";102.43;0.0322;0.1448;0.0092;0.4698;"Train";14
"C-SGD";59.285;0.031;0.1446;0.0106;0.4815;"Train";14
"B-SGD";34.314;0.0299;0.1445;0.0111;0.3876;"Train";14
"glmPCA";613.124;0.0383;0.495;0.0209;-0.0177;"Test";14
"NBWaVE";232.554;0.0353;0.4946;0.0141;0.4851;"Test";14
"CMF";475.18;0.0346;0.4947;0.0266;0.1143;"Test";14
"NMF";561.546;0.0354;0.4945;0.0211;0.0314;"Test";14
"NNLM";194.835;0.0333;0.4946;0.0144;0.0394;"Test";14
"AIRWLS";219.928;0.0333;0.4945;0.0175;0.4873;"Test";14
"Newton";102.43;0.0333;0.4945;0.0212;0.4698;"Test";14
"C-SGD";59.285;0.0344;0.4946;0.0135;0.4815;"Test";14
"B-SGD";34.314;0.0368;0.4947;0.0132;0.3876;"Test";14
"glmPCA";612.312;0.0371;0.0075;0.0228;-0.0148;"Full";15
"NBWaVE";257.767;0.0312;0.0063;0.0151;0.4899;"Full";15
"CMF";470.803;0.0329;0.0067;0.0168;0.1326;"Full";15
"NMF";564.527;0.0336;0.0068;0.0157;0.0854;"Full";15
"NNLM";211.232;0.0318;0.0064;0.0127;0.1542;"Full";15
"AIRWLS";221.837;0.0316;0.0064;0.0133;0.4723;"Full";15
"Newton";103.73;0.0316;0.0064;0.0142;0.4407;"Full";15
"C-SGD";59.497;0.031;0.0063;0.013;0.4468;"Full";15
"B-SGD";33.382;0.0308;0.0063;0.0133;0.3424;"Full";15
"glmPCA";612.312;0.0371;0.1457;0.0227;-0.0148;"Train";15
"NBWaVE";257.767;0.0301;0.1446;0.0147;0.4899;"Train";15
"CMF";470.803;0.0327;0.1449;0.0118;0.1326;"Train";15
"NMF";564.527;0.0334;0.1452;0.0133;0.0854;"Train";15
"NNLM";211.232;0.0316;0.1448;0.0115;0.1542;"Train";15
"AIRWLS";221.837;0.0313;0.1448;0.0108;0.4723;"Train";15
"Newton";103.73;0.0313;0.1448;0.0108;0.4407;"Train";15
"C-SGD";59.497;0.0302;0.1446;0.0122;0.4468;"Train";15
"B-SGD";33.382;0.0291;0.1445;0.0127;0.3424;"Train";15
"glmPCA";612.312;0.0371;0.4947;0.0234;-0.0148;"Test";15
"NBWaVE";257.767;0.0342;0.4943;0.016;0.4899;"Test";15
"CMF";470.803;0.0337;0.4945;0.0309;0.1326;"Test";15
"NMF";564.527;0.034;0.4942;0.0226;0.0854;"Test";15
"NNLM";211.232;0.0323;0.4943;0.016;0.1542;"Test";15
"AIRWLS";221.837;0.0323;0.4942;0.0205;0.4723;"Test";15
"Newton";103.73;0.0324;0.4942;0.0239;0.4407;"Test";15
"C-SGD";59.497;0.0332;0.4943;0.0153;0.4468;"Test";15
"B-SGD";33.382;0.0356;0.4945;0.0148;0.3424;"Test";15
"glmPCA";589.407;0.0355;0.0081;0.019;-0.0207;"Full";16
"NBWaVE";265.683;0.0296;0.0068;0.0123;0.5485;"Full";16
"CMF";478.944;0.0315;0.0073;0.0142;0.0635;"Full";16
"NMF";NA;NA;NA;NA;NA;"Full";16
"NNLM";194.706;0.03;0.0069;0.0101;0.1428;"Full";16
"AIRWLS";219.529;0.0299;0.0069;0.0105;0.5599;"Full";16
"Newton";104.787;0.0299;0.0069;0.0113;0.5621;"Full";16
"C-SGD";60.883;0.0294;0.0068;0.0105;0.5256;"Full";16
"B-SGD";33.786;0.0294;0.0068;0.0106;0.4599;"Full";16
"glmPCA";589.407;0.0355;0.1462;0.0188;-0.0207;"Train";16
"NBWaVE";265.683;0.0286;0.1449;0.012;0.5485;"Train";16
"CMF";478.944;0.0312;0.1454;0.0092;0.0635;"Train";16
"NMF";NA;NA;NA;NA;NA;"Train";16
"NNLM";194.706;0.0298;0.1451;0.009;0.1428;"Train";16
"AIRWLS";219.529;0.0296;0.1451;0.0083;0.5599;"Train";16
"Newton";104.787;0.0296;0.1451;0.0083;0.5621;"Train";16
"C-SGD";60.883;0.0286;0.1449;0.0097;0.5256;"Train";16
"B-SGD";33.786;0.0279;0.1448;0.01;0.4599;"Train";16
"glmPCA";589.407;0.0357;0.4952;0.0194;-0.0207;"Test";16
"NBWaVE";265.683;0.0325;0.4947;0.0131;0.5485;"Test";16
"CMF";478.944;0.0323;0.4949;0.0288;0.0635;"Test";16
"NMF";NA;NA;NA;NA;NA;"Test";16
"NNLM";194.706;0.0307;0.4948;0.0134;0.1428;"Test";16
"AIRWLS";219.529;0.0306;0.4947;0.0169;0.5599;"Test";16
"Newton";104.787;0.0307;0.4946;0.02;0.5621;"Test";16
"C-SGD";60.883;0.0318;0.4948;0.0127;0.5256;"Test";16
"B-SGD";33.786;0.0338;0.4949;0.0123;0.4599;"Test";16
"glmPCA";612.628;0.0352;0.008;0.0204;-0.0197;"Full";17
"NBWaVE";259.362;0.0293;0.0067;0.0131;0.515;"Full";17
"CMF";473.223;0.031;0.0071;0.0148;0.0746;"Full";17
"NMF";562.332;0.0317;0.0072;0.0136;0.1521;"Full";17
"NNLM";178.608;0.0298;0.0068;0.0107;0.0765;"Full";17
"AIRWLS";219.44;0.0296;0.0068;0.0111;0.5034;"Full";17
"Newton";107.579;0.0296;0.0068;0.0121;0.5183;"Full";17
"C-SGD";59.448;0.0292;0.0067;0.0111;0.4862;"Full";17
"B-SGD";32.44;0.0291;0.0067;0.0113;0.4406;"Full";17
"glmPCA";612.628;0.0351;0.1463;0.0202;-0.0197;"Train";17
"NBWaVE";259.362;0.0284;0.1451;0.0127;0.515;"Train";17
"CMF";473.223;0.0308;0.1455;0.0096;0.0746;"Train";17
"NMF";562.332;0.0315;0.1458;0.0109;0.1521;"Train";17
"NNLM";178.608;0.0296;0.1452;0.0094;0.0765;"Train";17
"AIRWLS";219.44;0.0294;0.1452;0.0087;0.5034;"Train";17
"Newton";107.579;0.0293;0.1452;0.0087;0.5183;"Train";17
"C-SGD";59.448;0.0284;0.1451;0.0102;0.4862;"Train";17
"B-SGD";32.44;0.0277;0.145;0.0106;0.4406;"Train";17
"glmPCA";612.628;0.0352;0.4947;0.0209;-0.0197;"Test";17
"NBWaVE";259.362;0.0322;0.4942;0.014;0.515;"Test";17
"CMF";473.223;0.0318;0.4944;0.0299;0.0746;"Test";17
"NMF";562.332;0.0322;0.494;0.0213;0.1521;"Test";17
"NNLM";178.608;0.0304;0.4943;0.0146;0.0765;"Test";17
"AIRWLS";219.44;0.0303;0.4942;0.0181;0.5034;"Test";17
"Newton";107.579;0.0304;0.4941;0.0218;0.5183;"Test";17
"C-SGD";59.448;0.0313;0.4942;0.0134;0.4862;"Test";17
"B-SGD";32.44;0.0332;0.4944;0.013;0.4406;"Test";17
"glmPCA";609.344;0.0384;0.0082;0.0205;-0.0237;"Full";18
"NBWaVE";237.523;0.0322;0.0069;0.0133;0.5348;"Full";18
"CMF";478.079;0.0341;0.0074;0.0152;0.0748;"Full";18
"NMF";561.534;0.035;0.0075;0.0141;0.0426;"Full";18
"NNLM";190.031;0.0327;0.0071;0.0111;0.1576;"Full";18
"AIRWLS";219.475;0.0326;0.007;0.0114;0.5564;"Full";18
"Newton";105.218;0.0325;0.007;0.0123;0.5513;"Full";18
"C-SGD";58.351;0.0321;0.0069;0.0114;0.4905;"Full";18
"B-SGD";33.658;0.0318;0.0069;0.0116;0.4044;"Full";18
"glmPCA";609.344;0.0383;0.1463;0.0203;-0.0237;"Train";18
"NBWaVE";237.523;0.0312;0.1451;0.013;0.5348;"Train";18
"CMF";478.079;0.0338;0.1455;0.0101;0.0748;"Train";18
"NMF";561.534;0.0348;0.1458;0.0115;0.0426;"Train";18
"NNLM";190.031;0.0325;0.1452;0.0099;0.1576;"Train";18
"AIRWLS";219.475;0.0323;0.1452;0.0091;0.5564;"Train";18
"Newton";105.218;0.0322;0.1453;0.0092;0.5513;"Train";18
"C-SGD";58.351;0.0312;0.1451;0.0105;0.4905;"Train";18
"B-SGD";33.658;0.0302;0.1449;0.011;0.4044;"Train";18
"glmPCA";609.344;0.0385;0.4952;0.0209;-0.0237;"Test";18
"NBWaVE";237.523;0.0354;0.4948;0.0142;0.5348;"Test";18
"CMF";478.079;0.0349;0.4949;0.03;0.0748;"Test";18
"NMF";561.534;0.0355;0.4947;0.0214;0.0426;"Test";18
"NNLM";190.031;0.0334;0.4948;0.0143;0.1576;"Test";18
"AIRWLS";219.475;0.0334;0.4947;0.018;0.5564;"Test";18
"Newton";105.218;0.0334;0.4946;0.0212;0.5513;"Test";18
"C-SGD";58.351;0.0344;0.4948;0.0139;0.4905;"Test";18
"B-SGD";33.658;0.0364;0.4949;0.0132;0.4044;"Test";18
"glmPCA";108.872;0.0378;0.0076;0.0217;-0.0149;"Full";19
"NBWaVE";210.572;0.0313;0.0063;0.0138;0.5581;"Full";19
"CMF";476.842;0.0333;0.0068;0.0144;0.0568;"Full";19
"NMF";563.018;0.0338;0.0068;0.0145;0.1432;"Full";19
"NNLM";191.357;0.0317;0.0064;0.0116;0.0941;"Full";19
"AIRWLS";216.592;0.0315;0.0064;0.012;0.5811;"Full";19
"Newton";102.151;0.0315;0.0064;0.0127;0.5736;"Full";19
"C-SGD";59.295;0.0309;0.0063;0.012;0.5717;"Full";19
"B-SGD";32.944;0.0306;0.0062;0.0122;0.4899;"Full";19
"glmPCA";108.872;0.0378;0.1459;0.0216;-0.0149;"Train";19
"NBWaVE";210.572;0.0302;0.1447;0.0135;0.5581;"Train";19
"CMF";476.842;0.0331;0.1452;0.011;0.0568;"Train";19
"NMF";563.018;0.0336;0.1454;0.0121;0.1432;"Train";19
"NNLM";191.357;0.0315;0.1448;0.0106;0.0941;"Train";19
"AIRWLS";216.592;0.0312;0.1448;0.0099;0.5811;"Train";19
"Newton";102.151;0.0312;0.1449;0.0099;0.5736;"Train";19
"C-SGD";59.295;0.0301;0.1447;0.0113;0.5717;"Train";19
"B-SGD";32.944;0.0291;0.1445;0.0117;0.4899;"Train";19
"glmPCA";108.872;0.0378;0.4946;0.0221;-0.0149;"Test";19
"NBWaVE";210.572;0.0343;0.4942;0.0146;0.5581;"Test";19
"CMF";476.842;0.0339;0.4942;0.0239;0.0568;"Test";19
"NMF";563.018;0.0343;0.4941;0.0214;0.1432;"Test";19
"NNLM";191.357;0.0322;0.4942;0.0146;0.0941;"Test";19
"AIRWLS";216.592;0.0322;0.4941;0.0179;0.5811;"Test";19
"Newton";102.151;0.0323;0.4941;0.0208;0.5736;"Test";19
"C-SGD";59.295;0.0332;0.4942;0.0138;0.5717;"Test";19
"B-SGD";32.944;0.0349;0.4943;0.0136;0.4899;"Test";19
"glmPCA";608.743;0.0387;0.0085;0.0189;-0.0141;"Full";20
"NBWaVE";277.732;0.0328;0.0073;0.0125;0.5124;"Full";20
"CMF";482.995;0.0352;0.0078;0.0149;0.0424;"Full";20
"NMF";561.591;0.0358;0.0079;0.0134;0.0295;"Full";20
"NNLM";177.419;0.0334;0.0074;0.0105;0.0371;"Full";20
"AIRWLS";220.385;0.0332;0.0074;0.011;0.5278;"Full";20
"Newton";109.5;0.0332;0.0074;0.0119;0.5218;"Full";20
"C-SGD";59.96;0.0326;0.0073;0.0107;0.5048;"Full";20
"B-SGD";33.295;0.0323;0.0072;0.0111;0.3928;"Full";20
"glmPCA";608.743;0.0388;0.1468;0.0188;-0.0141;"Train";20
"NBWaVE";277.732;0.0318;0.1455;0.0123;0.5124;"Train";20
"CMF";482.995;0.035;0.146;0.0097;0.0424;"Train";20
"NMF";561.591;0.0357;0.1463;0.0109;0.0295;"Train";20
"NNLM";177.419;0.0332;0.1457;0.0094;0.0371;"Train";20
"AIRWLS";220.385;0.033;0.1457;0.0086;0.5278;"Train";20
"Newton";109.5;0.033;0.1457;0.0086;0.5218;"Train";20
"C-SGD";59.96;0.0318;0.1455;0.01;0.5048;"Train";20
"B-SGD";33.295;0.0306;0.1454;0.0106;0.3928;"Train";20
"glmPCA";608.743;0.0387;0.4951;0.0193;-0.0141;"Test";20
"NBWaVE";277.732;0.0358;0.4947;0.0132;0.5124;"Test";20
"CMF";482.995;0.0359;0.4948;0.0294;0.0424;"Test";20
"NMF";561.591;0.0362;0.4946;0.0206;0.0295;"Test";20
"NNLM";177.419;0.0339;0.4947;0.0138;0.0371;"Test";20
"AIRWLS";220.385;0.0339;0.4946;0.0178;0.5278;"Test";20
"Newton";109.5;0.034;0.4946;0.0213;0.5218;"Test";20
"C-SGD";59.96;0.0349;0.4947;0.013;0.5048;"Test";20
"B-SGD";33.295;0.0372;0.4948;0.0124;0.3928;"Test";20
"glmPCA";594.323;0.0355;0.0076;0.0197;-0.016;"Full";21
"NBWaVE";262.243;0.0299;0.0064;0.0137;0.5685;"Full";21
"CMF";472.387;0.0317;0.0069;0.0152;0.0518;"Full";21
"NMF";NA;NA;NA;NA;NA;"Full";21
"NNLM";192.47;0.0304;0.0066;0.0115;0.0944;"Full";21
"AIRWLS";220.068;0.0301;0.0065;0.0121;0.5748;"Full";21
"Newton";101.183;0.0302;0.0065;0.0131;0.5771;"Full";21
"C-SGD";59.209;0.0297;0.0064;0.0119;0.5498;"Full";21
"B-SGD";33.298;0.0296;0.0064;0.012;0.516;"Full";21
"glmPCA";594.323;0.0356;0.1459;0.0196;-0.016;"Train";21
"NBWaVE";262.243;0.029;0.1448;0.0134;0.5685;"Train";21
"CMF";472.387;0.0315;0.1452;0.0107;0.0518;"Train";21
"NMF";NA;NA;NA;NA;NA;"Train";21
"NNLM";192.47;0.0302;0.1449;0.0104;0.0944;"Train";21
"AIRWLS";220.068;0.03;0.1449;0.0097;0.5748;"Train";21
"Newton";101.183;0.0299;0.1449;0.0097;0.5771;"Train";21
"C-SGD";59.209;0.029;0.1448;0.0111;0.5498;"Train";21
"B-SGD";33.298;0.0282;0.1447;0.0115;0.516;"Train";21
"glmPCA";594.323;0.0354;0.4947;0.0201;-0.016;"Test";21
"NBWaVE";262.243;0.0325;0.4943;0.0145;0.5685;"Test";21
"CMF";472.387;0.0322;0.4944;0.0278;0.0518;"Test";21
"NMF";NA;NA;NA;NA;NA;"Test";21
"NNLM";192.47;0.0307;0.4943;0.0147;0.0944;"Test";21
"AIRWLS";220.068;0.0307;0.4942;0.019;0.5748;"Test";21
"Newton";101.183;0.0308;0.4942;0.0228;0.5771;"Test";21
"C-SGD";59.209;0.0317;0.4943;0.014;0.5498;"Test";21
"B-SGD";33.298;0.0337;0.4944;0.0136;0.516;"Test";21
"glmPCA";602.645;0.0352;0.0083;0.0192;-0.0199;"Full";22
"NBWaVE";218.599;0.0297;0.007;0.013;0.4105;"Full";22
"CMF";470.661;0.0319;0.0076;Inf;0.0543;"Full";22
"NMF";561.266;0.0323;0.0076;0.0137;0.0757;"Full";22
"NNLM";196.675;0.0303;0.0072;0.0109;0.075;"Full";22
"AIRWLS";221.307;0.0301;0.0072;0.0117;0.3902;"Full";22
"Newton";101.319;0.0302;0.0072;0.0127;0.3837;"Full";22
"C-SGD";59.855;0.0296;0.007;0.0112;0.3866;"Full";22
"B-SGD";32.856;0.0293;0.007;0.0114;0.3472;"Full";22
"glmPCA";602.645;0.0352;0.1462;0.019;-0.0199;"Train";22
"NBWaVE";218.599;0.0287;0.145;0.0127;0.4105;"Train";22
"CMF";470.661;0.0316;0.1454;0.0101;0.0543;"Train";22
"NMF";561.266;0.0321;0.1458;0.0115;0.0757;"Train";22
"NNLM";196.675;0.0301;0.1452;0.0099;0.075;"Train";22
"AIRWLS";221.307;0.0299;0.1452;0.0092;0.3902;"Train";22
"Newton";101.319;0.0298;0.1452;0.0092;0.3837;"Train";22
"C-SGD";59.855;0.0289;0.145;0.0105;0.3866;"Train";22
"B-SGD";32.856;0.0278;0.1449;0.011;0.3472;"Train";22
"glmPCA";602.645;0.0353;0.4954;0.0197;-0.0199;"Test";22
"NBWaVE";218.599;0.0327;0.4951;0.0138;0.4105;"Test";22
"CMF";470.661;0.0328;0.4953;Inf;0.0543;"Test";22
"NMF";561.266;0.0328;0.4949;0.0202;0.0757;"Test";22
"NNLM";196.675;0.0309;0.495;0.0139;0.075;"Test";22
"AIRWLS";221.307;0.031;0.495;0.0191;0.3902;"Test";22
"Newton";101.319;0.0311;0.495;0.0231;0.3837;"Test";22
"C-SGD";59.855;0.0318;0.495;0.0133;0.3866;"Test";22
"B-SGD";32.856;0.0335;0.4952;0.0127;0.3472;"Test";22
"glmPCA";577.691;0.0373;0.0078;0.0213;-0.0186;"Full";23
"NBWaVE";235.991;0.0313;0.0065;0.0142;0.5579;"Full";23
"CMF";473.285;0.0333;0.007;0.017;0.0458;"Full";23
"NMF";565.793;0.034;0.0071;0.015;0.0165;"Full";23
"NNLM";196.349;0.0319;0.0067;0.012;0.0524;"Full";23
"AIRWLS";221.339;0.0317;0.0066;0.0125;0.6022;"Full";23
"Newton";103.767;0.0317;0.0066;0.0134;0.5977;"Full";23
"C-SGD";59.491;0.0313;0.0066;0.0122;0.5571;"Full";23
"B-SGD";33.212;0.0311;0.0065;0.0124;0.4964;"Full";23
"glmPCA";577.691;0.0372;0.146;0.021;-0.0186;"Train";23
"NBWaVE";235.991;0.0303;0.1448;0.0139;0.5579;"Train";23
"CMF";473.285;0.0329;0.1453;0.0111;0.0458;"Train";23
"NMF";565.793;0.0338;0.1456;0.0128;0.0165;"Train";23
"NNLM";196.349;0.0316;0.145;0.0109;0.0524;"Train";23
"AIRWLS";221.339;0.0314;0.145;0.0101;0.6022;"Train";23
"Newton";103.767;0.0314;0.145;0.0101;0.5977;"Train";23
"C-SGD";59.491;0.0305;0.1449;0.0114;0.5571;"Train";23
"B-SGD";33.212;0.0294;0.1448;0.0118;0.4964;"Train";23
"glmPCA";577.691;0.0374;0.4947;0.0218;-0.0186;"Test";23
"NBWaVE";235.991;0.0344;0.4944;0.0151;0.5579;"Test";23
"CMF";473.285;0.0342;0.4945;0.0339;0.0458;"Test";23
"NMF";565.793;0.0346;0.4942;0.0215;0.0165;"Test";23
"NNLM";196.349;0.0325;0.4943;0.0151;0.0524;"Test";23
"AIRWLS";221.339;0.0325;0.4943;0.0191;0.6022;"Test";23
"Newton";103.767;0.0325;0.4943;0.0227;0.5977;"Test";23
"C-SGD";59.491;0.0334;0.4943;0.0145;0.5571;"Test";23
"B-SGD";33.212;0.0357;0.4944;0.0141;0.4964;"Test";23
"glmPCA";608.038;0.037;0.0075;0.0217;-0.0204;"Full";24
"NBWaVE";218.706;0.0308;0.0063;0.0145;0.5196;"Full";24
"CMF";468.702;0.0328;0.0067;0.0158;0.0744;"Full";24
"NMF";NA;NA;NA;NA;NA;"Full";24
"NNLM";185.692;0.0314;0.0064;0.0122;0.1681;"Full";24
"AIRWLS";220.67;0.0312;0.0064;0.0128;0.5215;"Full";24
"Newton";106.017;0.0312;0.0064;0.0138;0.5222;"Full";24
"C-SGD";59.632;0.0307;0.0063;0.0125;0.5335;"Full";24
"B-SGD";33.663;0.0304;0.0062;0.0127;0.4486;"Full";24
"glmPCA";608.038;0.0369;0.1456;0.0216;-0.0204;"Train";24
"NBWaVE";218.706;0.0297;0.1444;0.0142;0.5196;"Train";24
"CMF";468.702;0.0325;0.1448;0.0113;0.0744;"Train";24
"NMF";NA;NA;NA;NA;NA;"Train";24
"NNLM";185.692;0.0312;0.1446;0.011;0.1681;"Train";24
"AIRWLS";220.67;0.0309;0.1445;0.0102;0.5215;"Train";24
"Newton";106.017;0.0309;0.1446;0.0102;0.5222;"Train";24
"C-SGD";59.632;0.0299;0.1444;0.0116;0.5335;"Train";24
"B-SGD";33.663;0.0289;0.1443;0.0122;0.4486;"Train";24
"glmPCA";608.038;0.0371;0.495;0.0222;-0.0204;"Test";24
"NBWaVE";218.706;0.034;0.4947;0.0154;0.5196;"Test";24
"CMF";468.702;0.0336;0.4948;0.0287;0.0744;"Test";24
"NMF";NA;NA;NA;NA;NA;"Test";24
"NNLM";185.692;0.0321;0.4947;0.0155;0.1681;"Test";24
"AIRWLS";220.67;0.032;0.4946;0.0202;0.5215;"Test";24
"Newton";106.017;0.0321;0.4945;0.024;0.5222;"Test";24
"C-SGD";59.632;0.0329;0.4947;0.0149;0.5335;"Test";24
"B-SGD";33.663;0.0348;0.4948;0.0144;0.4486;"Test";24
"glmPCA";592.818;0.0381;0.0083;0.0247;-0.0168;"Full";25
"NBWaVE";251.4;0.0319;0.007;0.0145;0.5078;"Full";25
"CMF";467.736;0.0333;0.0073;0.0152;0.2061;"Full";25
"NMF";563.619;0.0343;0.0075;0.0153;0.1669;"Full";25
"NNLM";182.972;0.0324;0.0071;0.0118;0.0567;"Full";25
"AIRWLS";224.654;0.0322;0.0071;0.0123;0.562;"Full";25
"Newton";107.439;0.0322;0.0071;0.0128;0.5341;"Full";25
"C-SGD";60.008;0.0316;0.007;0.012;0.5438;"Full";25
"B-SGD";32.532;0.0314;0.0069;0.0123;0.5059;"Full";25
"glmPCA";592.818;0.0382;0.1463;0.0246;-0.0168;"Train";25
"NBWaVE";251.4;0.0309;0.145;0.0141;0.5078;"Train";25
"CMF";467.736;0.0331;0.1454;0.0106;0.2061;"Train";25
"NMF";563.619;0.0342;0.1458;0.0123;0.1669;"Train";25
"NNLM";182.972;0.0323;0.1452;0.0104;0.0567;"Train";25
"AIRWLS";224.654;0.032;0.1452;0.0098;0.562;"Train";25
"Newton";107.439;0.032;0.1452;0.0098;0.5341;"Train";25
"C-SGD";60.008;0.0309;0.145;0.0112;0.5438;"Train";25
"B-SGD";32.532;0.0298;0.1449;0.0117;0.5059;"Train";25
"glmPCA";592.818;0.038;0.4954;0.0252;-0.0168;"Test";25
"NBWaVE";251.4;0.0347;0.4949;0.0154;0.5078;"Test";25
"CMF";467.736;0.0338;0.495;0.0284;0.2061;"Test";25
"NMF";563.619;0.0347;0.4947;0.024;0.1669;"Test";25
"NNLM";182.972;0.0328;0.4949;0.0156;0.0567;"Test";25
"AIRWLS";224.654;0.0328;0.4948;0.0194;0.562;"Test";25
"Newton";107.439;0.0328;0.4948;0.0214;0.5341;"Test";25
"C-SGD";60.008;0.0337;0.4949;0.0145;0.5438;"Test";25
"B-SGD";32.532;0.0358;0.495;0.014;0.5059;"Test";25
